platform,build,config,scenario,case_id,target,result,status,recoveries,completion_seconds,guidance_entry_seconds,guidance_entry_linear_speed,guidance_entry_angular_speed,max_guidance_torque,final_linear_speed,final_angular_speed,final_error_radians,failure_id
linux-x86_64,debug,review-candidate-b,d6-faces,d6-1-high-tumble,1,1,systemic-pass-visual-rejected,0,6.203,1.344,0.6813,0.6968,11.1992,0.0001,0.0002,0.0000,owner-rejected-late-guided-face-flip
linux-x86_64,debug,review-candidate-b,d6-faces,d6-1-side-spin,1,1,systemic-pass-visual-rejected,0,3.484,1.359,0.6894,0.4452,7.9784,0.0000,0.0000,0.0000,owner-rejected-late-guided-face-flip
linux-x86_64,debug,review-candidate-b,d6-faces,d6-1-awkward-low-energy,1,1,systemic-pass-visual-rejected,0,2.281,0.203,0.3419,0.8042,7.3966,0.0000,0.0000,0.0000,owner-rejected-late-guided-face-flip
linux-x86_64,debug,review-candidate-b,d6-faces,d6-2-high-tumble,2,2,systemic-pass-visual-rejected,0,3.438,1.344,0.6813,0.6968,7.9929,0.0000,0.0000,0.0000,owner-rejected-late-guided-face-flip
linux-x86_64,debug,review-candidate-b,d6-faces,d6-2-side-spin,2,2,systemic-pass-visual-rejected,0,3.688,1.359,0.6894,0.4452,7.9821,0.0000,0.0000,0.0000,owner-rejected-late-guided-face-flip
linux-x86_64,debug,review-candidate-b,d6-faces,d6-2-awkward-low-energy,2,2,systemic-pass-visual-rejected,0,2.969,0.203,0.3419,0.8042,8.1005,0.0000,0.0000,0.0000,owner-rejected-late-guided-face-flip
linux-x86_64,debug,review-candidate-b,d6-faces,d6-3-high-tumble,3,3,systemic-pass-visual-rejected,0,3.422,1.344,0.6813,0.6968,7.9815,0.0000,0.0000,0.0000,owner-rejected-late-guided-face-flip
linux-x86_64,debug,review-candidate-b,d6-faces,d6-3-side-spin,3,3,systemic-pass-visual-rejected,0,2.094,1.359,0.6894,0.4452,0.0868,0.0000,0.0000,0.0000,owner-rejected-late-guided-face-flip
linux-x86_64,debug,review-candidate-b,d6-faces,d6-3-awkward-low-energy,3,3,systemic-pass-visual-rejected,0,1.969,0.203,0.3419,0.8042,4.3323,0.0000,0.0000,0.0000,owner-rejected-late-guided-face-flip
linux-x86_64,debug,review-candidate-b,d6-faces,d6-4-high-tumble,4,4,systemic-pass-visual-rejected,0,3.438,1.344,0.6813,0.6968,7.9780,0.0000,0.0000,0.0000,owner-rejected-late-guided-face-flip
linux-x86_64,debug,review-candidate-b,d6-faces,d6-4-side-spin,4,4,systemic-pass-visual-rejected,0,5.234,1.359,0.6894,0.4452,11.5976,0.0000,0.0000,0.0000,owner-rejected-late-guided-face-flip
linux-x86_64,debug,review-candidate-b,d6-faces,d6-4-awkward-low-energy,4,4,systemic-pass-visual-rejected,0,2.719,0.203,0.3419,0.8042,7.9826,0.0000,0.0000,0.0000,owner-rejected-late-guided-face-flip
linux-x86_64,debug,review-candidate-b,d6-faces,d6-5-high-tumble,5,5,systemic-pass-visual-rejected,0,3.453,1.344,0.6813,0.6968,7.9778,0.0000,0.0000,0.0000,owner-rejected-late-guided-face-flip
linux-x86_64,debug,review-candidate-b,d6-faces,d6-5-side-spin,5,5,systemic-pass-visual-rejected,0,3.484,1.359,0.6894,0.4452,7.9782,0.0000,0.0000,0.0000,owner-rejected-late-guided-face-flip
linux-x86_64,debug,review-candidate-b,d6-faces,d6-5-awkward-low-energy,5,5,systemic-pass-visual-rejected,0,1.500,0.203,0.3419,0.8042,1.2928,0.0000,0.0000,0.0000,owner-rejected-late-guided-face-flip
linux-x86_64,debug,review-candidate-b,d6-faces,d6-6-high-tumble,6,6,systemic-pass-visual-rejected,0,2.078,1.344,0.6813,0.6968,0.2496,0.0000,0.0000,0.0000,owner-rejected-late-guided-face-flip
linux-x86_64,debug,review-candidate-b,d6-faces,d6-6-side-spin,6,6,systemic-pass-visual-rejected,0,3.453,1.359,0.6894,0.4452,7.9802,0.0000,0.0000,0.0000,owner-rejected-late-guided-face-flip
linux-x86_64,debug,review-candidate-b,d6-faces,d6-6-awkward-low-energy,6,6,systemic-pass-visual-rejected,0,2.625,0.203,0.3419,0.8042,8.1853,0.0000,0.0000,0.0000,owner-rejected-late-guided-face-flip
linux-x86_64,debug,review-candidate-b,recovery,recovery-bad-orientation,6,6,systemic-pass-visual-rejected,1,7.438,0.047,0.1255,0.1214,7.0663,0.0000,0.0000,0.0000,owner-rejected-late-guided-face-flip
linux-x86_64,debug,review-candidate-b,recovery,recovery-edge,3,3,systemic-pass-visual-rejected,0,1.234,0.047,0.7545,1.1404,0.0000,0.0000,0.0000,0.0000,owner-rejected-late-guided-face-flip
linux-x86_64,debug,review-candidate-d,d6-faces,d6-1-high-tumble,1,1,systemic-pass-visual-rejected,2,3.625,3.000,0.1057,0.2320,0.0000,0.0000,0.0000,0.0000,owner-rejected-recovery-hop
linux-x86_64,debug,review-candidate-d,d6-faces,d6-1-side-spin,1,1,systemic-pass-visual-rejected,1,2.891,2.266,0.0757,0.1128,0.0000,0.0000,0.0000,0.0000,owner-rejected-recovery-hop
linux-x86_64,debug,review-candidate-d,d6-faces,d6-1-awkward-low-energy,1,1,systemic-pass-visual-rejected,1,2.375,1.750,0.0901,0.1196,0.0000,0.0000,0.0000,0.0000,owner-rejected-recovery-hop
linux-x86_64,debug,review-candidate-d,d6-faces,d6-2-high-tumble,2,2,systemic-pass-visual-rejected,1,2.891,2.266,0.1023,0.1183,0.0000,0.0000,0.0000,0.0000,owner-rejected-recovery-hop
linux-x86_64,debug,review-candidate-d,d6-faces,d6-2-side-spin,2,2,systemic-pass-visual-rejected,1,2.875,2.250,0.1153,0.1832,0.0000,0.0000,0.0000,0.0000,owner-rejected-recovery-hop
linux-x86_64,debug,review-candidate-d,d6-faces,d6-2-awkward-low-energy,2,2,systemic-pass-visual-rejected,2,3.219,2.594,0.1523,0.1953,0.0000,0.0000,0.0000,0.0000,owner-rejected-recovery-hop
linux-x86_64,debug,review-candidate-d,d6-faces,d6-3-high-tumble,3,3,systemic-pass-visual-rejected,1,2.875,2.250,0.1213,0.1461,0.0000,0.0000,0.0000,0.0000,owner-rejected-recovery-hop
linux-x86_64,debug,review-candidate-d,d6-faces,d6-3-side-spin,3,3,systemic-pass-visual-rejected,0,2.094,1.469,0.1695,0.0684,0.0000,0.0000,0.0000,0.0000,owner-rejected-recovery-hop
linux-x86_64,debug,review-candidate-d,d6-faces,d6-3-awkward-low-energy,3,3,systemic-pass-visual-rejected,1,2.344,1.719,0.1353,0.0173,0.0000,0.0000,0.0000,0.0000,owner-rejected-recovery-hop
linux-x86_64,debug,review-candidate-d,d6-faces,d6-4-high-tumble,4,4,systemic-pass-visual-rejected,1,2.891,2.250,0.1355,0.0887,0.0023,0.0000,0.0000,0.0000,owner-rejected-recovery-hop
linux-x86_64,debug,review-candidate-d,d6-faces,d6-4-side-spin,4,4,systemic-pass-visual-rejected,2,3.828,3.203,0.0669,0.0521,0.0000,0.0000,0.0000,0.0000,owner-rejected-recovery-hop
linux-x86_64,debug,review-candidate-d,d6-faces,d6-4-awkward-low-energy,4,4,systemic-pass-visual-rejected,1,2.391,1.750,0.1896,0.2745,0.0001,0.0000,0.0000,0.0000,owner-rejected-recovery-hop
linux-x86_64,debug,review-candidate-d,d6-faces,d6-5-high-tumble,5,5,systemic-pass-visual-rejected,1,2.875,2.250,0.1355,0.0378,0.0000,0.0000,0.0000,0.0000,owner-rejected-recovery-hop
linux-x86_64,debug,review-candidate-d,d6-faces,d6-5-side-spin,5,5,systemic-pass-visual-rejected,1,2.891,2.250,0.1688,0.2539,0.0023,0.0000,0.0000,0.0000,owner-rejected-recovery-hop
linux-x86_64,debug,review-candidate-d,d6-faces,d6-5-awkward-low-energy,5,5,systemic-pass-visual-rejected,0,1.609,0.969,0.2134,0.1266,0.0000,0.0000,0.0000,0.0000,owner-rejected-recovery-hop
linux-x86_64,debug,review-candidate-d,d6-faces,d6-6-high-tumble,6,6,systemic-pass-visual-rejected,0,2.094,1.469,0.1035,0.1029,0.0000,0.0000,0.0000,0.0000,owner-rejected-recovery-hop
linux-x86_64,debug,review-candidate-d,d6-faces,d6-6-side-spin,6,6,systemic-pass-visual-rejected,1,2.844,2.203,0.2350,0.1024,0.0003,0.0000,0.0000,0.0000,owner-rejected-recovery-hop
linux-x86_64,debug,review-candidate-d,d6-faces,d6-6-awkward-low-energy,6,6,systemic-pass-visual-rejected,1,2.375,1.750,0.1530,0.2389,0.0000,0.0000,0.0000,0.0000,owner-rejected-recovery-hop
linux-x86_64,debug,review-candidate-d,recovery,recovery-bad-orientation,6,6,systemic-pass-visual-rejected,1,1.578,0.953,0.0996,0.1441,0.0000,0.0000,0.0000,0.0000,owner-rejected-recovery-hop
linux-x86_64,debug,review-candidate-d,recovery,recovery-edge,3,3,systemic-pass-visual-rejected,0,1.234,0.609,0.1335,0.0971,0.0000,0.0000,0.0000,0.0000,owner-rejected-recovery-hop
linux-x86_64,debug,h1-family-a,d6-h1-corpus,search-01-base-6-nominal,1-6,6/6,systemic-pass-paired-gate-failed,0,1.766,,,,0.0000,,,,h1-paired-trajectory-divergence
linux-x86_64,debug,h1-family-a,d6-h1-corpus,search-01-base-6-position-x-plus-0.01m,1-6,6/6,systemic-pass-paired-gate-failed,0,1.766,,,,0.0000,,,,h1-paired-trajectory-divergence
linux-x86_64,debug,h1-family-a,d6-h1-corpus,search-01-base-6-position-x-minus-0.01m,1-6,6/6,systemic-pass-paired-gate-failed,0,1.766,,,,0.0000,,,,h1-paired-trajectory-divergence
linux-x86_64,debug,h1-family-a,d6-h1-corpus,search-01-base-6-orientation-world-axis-plus-0.5deg,1-6,6/6,systemic-pass-paired-gate-failed,0,1.734,,,,0.0000,,,,h1-paired-trajectory-divergence
linux-x86_64,debug,h1-family-a,d6-h1-corpus,search-01-base-6-orientation-world-axis-minus-0.5deg,1-6,6/6,systemic-pass-paired-gate-failed,0,1.750,,,,0.0000,,,,h1-paired-trajectory-divergence
linux-x86_64,debug,h1-family-a,d6-h1-corpus,search-01-base-6-linear-times-1.01,1-6,6/6,systemic-pass-paired-gate-failed,0,1.719,,,,0.0000,,,,h1-paired-trajectory-divergence
linux-x86_64,debug,h1-family-a,d6-h1-corpus,search-01-base-6-linear-times-0.99,1-6,6/6,systemic-pass-paired-gate-failed,0,1.812,,,,0.0000,,,,h1-paired-trajectory-divergence
linux-x86_64,debug,h1-family-a,d6-h1-corpus,search-01-base-6-angular-times-1.01,1-6,6/6,systemic-pass-paired-gate-failed,0,1.734,,,,0.0000,,,,h1-paired-trajectory-divergence
linux-x86_64,debug,h1-family-a,d6-h1-corpus,search-01-base-6-angular-times-0.99,1-6,6/6,systemic-pass-paired-gate-failed,0,1.969,,,,0.0000,,,,h1-paired-trajectory-divergence
linux-x86_64,debug,h1-family-b,d6-h1-corpus,search-16-base-3-nominal,1-6,6/6,systemic-pass-paired-gate-failed,0,2.203,,,,0.0000,,,,h1-paired-trajectory-divergence
linux-x86_64,debug,h1-family-b,d6-h1-corpus,search-16-base-3-position-x-plus-0.01m,1-6,6/6,systemic-pass-paired-gate-failed,0,2.203,,,,0.0000,,,,h1-paired-trajectory-divergence
linux-x86_64,debug,h1-family-b,d6-h1-corpus,search-16-base-3-position-x-minus-0.01m,1-6,6/6,systemic-pass-paired-gate-failed,0,2.203,,,,0.0000,,,,h1-paired-trajectory-divergence
linux-x86_64,debug,h1-family-b,d6-h1-corpus,search-16-base-3-orientation-world-axis-plus-0.5deg,1-6,6/6,systemic-pass-paired-gate-failed,0,2.219,,,,0.0000,,,,h1-paired-trajectory-divergence
linux-x86_64,debug,h1-family-b,d6-h1-corpus,search-16-base-3-orientation-world-axis-minus-0.5deg,1-6,6/6,systemic-pass-paired-gate-failed,0,2.172,,,,0.0000,,,,h1-paired-trajectory-divergence
linux-x86_64,debug,h1-family-b,d6-h1-corpus,search-16-base-3-linear-times-1.01,1-6,6/6,systemic-pass-paired-gate-failed,0,2.203,,,,0.0000,,,,h1-paired-trajectory-divergence
linux-x86_64,debug,h1-family-b,d6-h1-corpus,search-16-base-3-linear-times-0.99,1-6,6/6,systemic-pass-paired-gate-failed,0,2.156,,,,0.0000,,,,h1-paired-trajectory-divergence
linux-x86_64,debug,h1-family-b,d6-h1-corpus,search-16-base-3-angular-times-1.01,1-6,6/6,systemic-pass-paired-gate-failed,0,2.234,,,,0.0000,,,,h1-paired-trajectory-divergence
linux-x86_64,debug,h1-family-b,d6-h1-corpus,search-16-base-3-angular-times-0.99,1-6,6/6,systemic-pass-paired-gate-failed,0,2.156,,,,0.0000,,,,h1-paired-trajectory-divergence
linux-x86_64,debug,h1-family-c,d6-h1-corpus,search-32-base-1-nominal,1-6,6/6,systemic-pass-paired-gate-failed,0,2.734,,,,0.0000,,,,h1-paired-trajectory-divergence
linux-x86_64,debug,h1-family-c,d6-h1-corpus,search-32-base-1-position-x-plus-0.01m,1-6,6/6,systemic-pass-paired-gate-failed,0,2.797,,,,0.0000,,,,h1-paired-trajectory-divergence
linux-x86_64,debug,h1-family-c,d6-h1-corpus,search-32-base-1-position-x-minus-0.01m,1-6,6/6,systemic-pass-paired-gate-failed,0,2.734,,,,0.0000,,,,h1-paired-trajectory-divergence
linux-x86_64,debug,h1-family-c,d6-h1-corpus,search-32-base-1-orientation-world-axis-plus-0.5deg,1-6,6/6,systemic-pass-paired-gate-failed,0,2.781,,,,0.0000,,,,h1-paired-trajectory-divergence
linux-x86_64,debug,h1-family-c,d6-h1-corpus,search-32-base-1-orientation-world-axis-minus-0.5deg,1-6,6/6,systemic-pass-paired-gate-failed,0,2.766,,,,0.0000,,,,h1-paired-trajectory-divergence
linux-x86_64,debug,h1-family-c,d6-h1-corpus,search-32-base-1-linear-times-1.01,1-6,6/6,systemic-pass-paired-gate-failed,0,2.750,,,,0.0000,,,,h1-paired-trajectory-divergence
linux-x86_64,debug,h1-family-c,d6-h1-corpus,search-32-base-1-linear-times-0.99,1-6,6/6,systemic-pass-paired-gate-failed,0,2.688,,,,0.0000,,,,h1-paired-trajectory-divergence
linux-x86_64,debug,h1-family-c,d6-h1-corpus,search-32-base-1-angular-times-1.01,1-6,6/6,systemic-pass-paired-gate-failed,0,2.516,,,,0.0000,,,,h1-paired-trajectory-divergence
linux-x86_64,debug,h1-family-c,d6-h1-corpus,search-32-base-1-angular-times-0.99,1-6,6/6,systemic-pass-paired-gate-failed,0,3.016,,,,0.0000,,,,h1-paired-trajectory-divergence
linux-x86_64,debug,h1-family-d,d6-h1-corpus,search-48-base-3-nominal,1-6,6/6,systemic-pass-paired-gate-failed,0,2.094,,,,0.0000,,,,h1-paired-trajectory-divergence
linux-x86_64,debug,h1-family-d,d6-h1-corpus,search-48-base-3-position-x-plus-0.01m,1-6,6/6,systemic-pass-paired-gate-failed,0,2.094,,,,0.0000,,,,h1-paired-trajectory-divergence
linux-x86_64,debug,h1-family-d,d6-h1-corpus,search-48-base-3-position-x-minus-0.01m,1-6,6/6,systemic-pass-paired-gate-failed,0,2.078,,,,0.0000,,,,h1-paired-trajectory-divergence
linux-x86_64,debug,h1-family-d,d6-h1-corpus,search-48-base-3-orientation-world-axis-plus-0.5deg,1-6,6/6,systemic-pass-paired-gate-failed,0,2.406,,,,0.0000,,,,h1-paired-trajectory-divergence
linux-x86_64,debug,h1-family-d,d6-h1-corpus,search-48-base-3-orientation-world-axis-minus-0.5deg,1-6,6/6,systemic-pass-paired-gate-failed,0,2.094,,,,0.0000,,,,h1-paired-trajectory-divergence
linux-x86_64,debug,h1-family-d,d6-h1-corpus,search-48-base-3-linear-times-1.01,1-6,6/6,systemic-pass-paired-gate-failed,0,2.359,,,,0.0000,,,,h1-paired-trajectory-divergence
linux-x86_64,debug,h1-family-d,d6-h1-corpus,search-48-base-3-linear-times-0.99,1-6,6/6,systemic-pass-paired-gate-failed,0,2.078,,,,0.0000,,,,h1-paired-trajectory-divergence
linux-x86_64,debug,h1-family-d,d6-h1-corpus,search-48-base-3-angular-times-1.01,1-6,6/6,systemic-pass-paired-gate-failed,0,2.109,,,,0.0000,,,,h1-paired-trajectory-divergence
linux-x86_64,debug,h1-family-d,d6-h1-corpus,search-48-base-3-angular-times-0.99,1-6,6/6,systemic-pass-paired-gate-failed,0,2.109,,,,0.0000,,,,h1-paired-trajectory-divergence
linux-x86_64,debug,h1-family-a,d6-h1-paired,search-01-base-6-nominal-target-1,1,1,paired-fail,0,,,,,0.0000,,,,paired-physical-fields-diverged-after-contact
linux-x86_64,debug,h1-corrected-gate,d6-h1-paired,all-216-pairs,1-6,216/216,pre-contact-pass-post-contact-diagnostic,0,3.016,,,,0.0000,,,,post-contact-divergence-diagnostic-only
linux-x86_64,debug,h1-corrected-gate,d6-h1-paired,search-01-base-6-nominal-target-1,1,1,pre-contact-pass-post-contact-diagnostic,0,1.766,,,,0.0000,,,,post-contact-divergence-diagnostic-step-51
linux-x86_64,debug,h1-family-a,d6-h1-corrected-corpus,search-01-base-6-all-variants,1-6,54/54,systemic-pass-corrected-gate,0,1.969,,,,0.0000,,,,
linux-x86_64,debug,h1-family-b,d6-h1-corrected-corpus,search-16-base-3-all-variants,1-6,54/54,systemic-pass-corrected-gate,0,2.234,,,,0.0000,,,,
linux-x86_64,debug,h1-family-c,d6-h1-corrected-corpus,search-32-base-1-all-variants,1-6,54/54,systemic-pass-corrected-gate,0,3.016,,,,0.0000,,,,
linux-x86_64,debug,h1-family-d,d6-h1-corrected-corpus,search-48-base-3-all-variants,1-6,54/54,systemic-pass-corrected-gate,0,2.406,,,,0.0000,,,,
